strategy,asset,tf,trades,wins,losses,wr,avg_win_pct,avg_loss_pct,profit_factor,total_return_pct,max_drawdown_pct,first_bar,last_bar,exits_by_reason
rsi2_connors,ADAUSD,1h,188,110,78,58.51,0.841,-1.781,0.666,-39.67,-44.09,2021-09-29 05:00:00+00:00,2023-02-17 10:00:00+00:00,signal:188
rsi_oversold_rev,ADAUSD,1h,46,22,24,47.83,7.209,-8.105,0.815,-45.12,-58.48,2021-09-29 05:00:00+00:00,2023-02-17 10:00:00+00:00,signal:46
macd_ema200,ADAUSD,1h,146,52,94,35.62,3.9,-1.829,1.18,24.65,-21.68,2021-09-29 05:00:00+00:00,2023-02-17 10:00:00+00:00,signal:146
ema9_21_cross,ADAUSD,1h,94,24,70,25.53,5.631,-2.013,0.959,-14.11,-26.97,2021-09-29 05:00:00+00:00,2023-02-17 10:00:00+00:00,signal:94
bb_meanrev,ADAUSD,1h,229,129,100,56.33,1.217,-2.834,0.554,-74.85,-76.42,2021-09-29 05:00:00+00:00,2023-02-17 10:00:00+00:00,"eod:1,signal:228"
supertrend_ema,ADAUSD,1h,56,22,34,39.29,5.065,-2.943,1.114,3.77,-34.32,2021-09-29 05:00:00+00:00,2023-02-17 10:00:00+00:00,signal:56
stoch_rev,ADAUSD,1h,120,70,50,58.33,3.024,-6.391,0.662,-74.36,-82.16,2021-09-29 05:00:00+00:00,2023-02-17 10:00:00+00:00,signal:120
macd_hull_session,ADAUSD,1h,116,41,75,35.34,2.885,-1.964,0.803,-28.44,-35.06,2021-09-29 05:00:00+00:00,2023-02-17 10:00:00+00:00,"signal:43,sl:39,tp:34"
rsi2_regime_atr,ADAUSD,1h,185,108,77,58.38,0.854,-1.835,0.652,-40.44,-43.22,2021-09-29 05:00:00+00:00,2023-02-17 10:00:00+00:00,"signal:146,sl:39"
holy_grail_raschke,ADAUSD,1h,163,36,127,22.09,2.552,-1.604,0.451,-68.4,-68.23,2021-09-29 05:00:00+00:00,2023-02-17 10:00:00+00:00,"signal:26,sl:102,tp:35"
donchian_atr_trail,ADAUSD,1h,211,70,141,33.18,2.662,-2.503,0.528,-83.2,-84.58,2021-09-29 05:00:00+00:00,2023-02-17 10:00:00+00:00,trail:211
supertrend_atr_grail,ADAUSD,1h,56,22,34,39.29,4.321,-2.44,1.146,9.19,-19.04,2021-09-29 05:00:00+00:00,2023-02-17 10:00:00+00:00,"signal:3,sl:31,tp:22"
rsi_pullback_trend,ADAUSD,1h,79,23,56,29.11,2.738,-1.838,0.612,-34.71,-39.52,2021-09-29 05:00:00+00:00,2023-02-17 10:00:00+00:00,"eod:1,signal:2,sl:42,trail:34"
rsi2_connors,DOGEUSD,1h,208,124,84,59.62,1.108,-1.766,0.926,-14.22,-41.76,2021-09-29 05:00:00+00:00,2023-02-17 10:00:00+00:00,signal:208
rsi_oversold_rev,DOGEUSD,1h,49,31,18,63.27,5.261,-9.482,0.956,-26.51,-55.74,2021-09-29 05:00:00+00:00,2023-02-17 10:00:00+00:00,signal:49
macd_ema200,DOGEUSD,1h,181,53,128,29.28,4.898,-2.024,1.002,-15.71,-49.88,2021-09-29 05:00:00+00:00,2023-02-17 10:00:00+00:00,signal:181
ema9_21_cross,DOGEUSD,1h,116,33,83,28.45,5.108,-2.227,0.912,-26.4,-41.47,2021-09-29 05:00:00+00:00,2023-02-17 10:00:00+00:00,signal:116
bb_meanrev,DOGEUSD,1h,237,142,95,59.92,1.503,-2.946,0.762,-55.83,-66.99,2021-09-29 05:00:00+00:00,2023-02-17 10:00:00+00:00,"eod:1,signal:236"
supertrend_ema,DOGEUSD,1h,67,23,44,34.33,5.517,-3.482,0.828,-33.13,-49.93,2021-09-29 05:00:00+00:00,2023-02-17 10:00:00+00:00,signal:67
stoch_rev,DOGEUSD,1h,96,49,47,51.04,5.159,-5.786,0.93,-40.65,-70.36,2021-09-29 05:00:00+00:00,2023-02-17 10:00:00+00:00,"eod:1,signal:95"
macd_hull_session,DOGEUSD,1h,116,35,81,30.17,2.966,-2.207,0.581,-55.11,-57.36,2021-09-29 05:00:00+00:00,2023-02-17 10:00:00+00:00,"signal:55,sl:34,tp:27"
rsi2_regime_atr,DOGEUSD,1h,195,119,76,61.03,1.16,-2.085,0.871,-21.93,-48.03,2021-09-29 05:00:00+00:00,2023-02-17 10:00:00+00:00,"signal:155,sl:40"
holy_grail_raschke,DOGEUSD,1h,184,46,138,25.0,3.005,-1.518,0.66,-53.23,-56.68,2021-09-29 05:00:00+00:00,2023-02-17 10:00:00+00:00,"signal:53,sl:85,tp:46"
donchian_atr_trail,DOGEUSD,1h,214,73,141,34.11,3.476,-3.227,0.558,-89.17,-90.52,2021-09-29 05:00:00+00:00,2023-02-17 10:00:00+00:00,trail:214
supertrend_atr_grail,DOGEUSD,1h,67,30,37,44.78,5.947,-3.248,1.485,63.68,-23.04,2021-09-29 05:00:00+00:00,2023-02-17 10:00:00+00:00,"signal:2,sl:35,tp:30"
rsi_pullback_trend,DOGEUSD,1h,89,25,64,28.09,2.388,-2.214,0.421,-57.28,-64.01,2021-09-29 05:00:00+00:00,2023-02-17 10:00:00+00:00,"eod:1,signal:3,sl:45,trail:40"
rsi2_connors,ETHUSD,1h,887,522,365,58.85,0.798,-1.452,0.786,-72.13,-72.3,2018-08-02 10:00:00+00:00,2023-02-17 10:00:00+00:00,signal:887
rsi_oversold_rev,ETHUSD,1h,158,102,56,64.56,5.333,-10.175,0.955,-70.98,-72.71,2018-08-02 10:00:00+00:00,2023-02-17 10:00:00+00:00,signal:158
macd_ema200,ETHUSD,1h,806,246,560,30.52,3.395,-1.53,0.974,-44.8,-68.46,2018-08-02 10:00:00+00:00,2023-02-17 10:00:00+00:00,signal:806
ema9_21_cross,ETHUSD,1h,471,131,340,27.81,5.72,-1.782,1.237,143.19,-52.07,2018-08-02 10:00:00+00:00,2023-02-17 10:00:00+00:00,signal:471
bb_meanrev,ETHUSD,1h,747,464,283,62.12,1.304,-2.89,0.74,-92.28,-92.39,2018-08-02 10:00:00+00:00,2023-02-17 10:00:00+00:00,"eod:1,signal:746"
supertrend_ema,ETHUSD,1h,252,94,158,37.3,6.553,-2.91,1.34,199.84,-45.67,2018-08-02 10:00:00+00:00,2023-02-17 10:00:00+00:00,signal:252
stoch_rev,ETHUSD,1h,296,181,115,61.15,3.805,-6.31,0.949,-71.4,-76.92,2018-08-02 10:00:00+00:00,2023-02-17 10:00:00+00:00,"eod:1,signal:295"
macd_hull_session,ETHUSD,1h,441,158,283,35.83,2.994,-1.884,0.887,-54.17,-62.59,2018-08-02 10:00:00+00:00,2023-02-17 10:00:00+00:00,"signal:202,sl:122,tp:117"
rsi2_regime_atr,ETHUSD,1h,832,482,350,57.93,0.85,-1.548,0.756,-76.27,-76.66,2018-08-02 10:00:00+00:00,2023-02-17 10:00:00+00:00,"signal:666,sl:166"
holy_grail_raschke,ETHUSD,1h,533,160,373,30.02,2.375,-1.376,0.74,-76.44,-77.16,2018-08-02 10:00:00+00:00,2023-02-17 10:00:00+00:00,"signal:108,sl:271,tp:154"
donchian_atr_trail,ETHUSD,1h,676,248,428,36.69,3.181,-2.548,0.723,-96.86,-96.86,2018-08-02 10:00:00+00:00,2023-02-17 10:00:00+00:00,trail:676
supertrend_atr_grail,ETHUSD,1h,252,95,157,37.7,4.554,-2.42,1.139,42.2,-37.05,2018-08-02 10:00:00+00:00,2023-02-17 10:00:00+00:00,"signal:27,sl:133,tp:92"
rsi_pullback_trend,ETHUSD,1h,386,109,277,28.24,3.077,-1.872,0.647,-86.22,-86.08,2018-08-02 10:00:00+00:00,2023-02-17 10:00:00+00:00,"eod:1,signal:28,sl:210,trail:147"
